{
    "name": "root",
    "gauges": {
        "MazeAgent.Policy.Entropy.mean": {
            "value": 1.1311379671096802,
            "min": 1.0324887037277222,
            "max": 1.3820618391036987,
            "count": 164
        },
        "MazeAgent.Policy.Entropy.sum": {
            "value": 11676.7373046875,
            "min": 9790.673828125,
            "max": 14926.267578125,
            "count": 164
        },
        "MazeAgent.Environment.EpisodeLength.mean": {
            "value": 196.58823529411765,
            "min": 190.8653846153846,
            "max": 199.0,
            "count": 164
        },
        "MazeAgent.Environment.EpisodeLength.sum": {
            "value": 10026.0,
            "min": 8946.0,
            "max": 10746.0,
            "count": 164
        },
        "MazeAgent.Step.mean": {
            "value": 1639986.0,
            "min": 9800.0,
            "max": 1639986.0,
            "count": 164
        },
        "MazeAgent.Step.sum": {
            "value": 1639986.0,
            "min": 9800.0,
            "max": 1639986.0,
            "count": 164
        },
        "MazeAgent.Policy.ExtrinsicValueEstimate.mean": {
            "value": 12.039246559143066,
            "min": 0.5242564082145691,
            "max": 12.97430419921875,
            "count": 164
        },
        "MazeAgent.Policy.ExtrinsicValueEstimate.sum": {
            "value": 614.0015869140625,
            "min": 25.68856430053711,
            "max": 661.6895141601562,
            "count": 164
        },
        "MazeAgent.Policy.CuriosityValueEstimate.mean": {
            "value": 0.13123318552970886,
            "min": -0.08452098071575165,
            "max": 0.13123318552970886,
            "count": 164
        },
        "MazeAgent.Policy.CuriosityValueEstimate.sum": {
            "value": 6.692892551422119,
            "min": -4.141528129577637,
            "max": 6.692892551422119,
            "count": 164
        },
        "MazeAgent.Environment.CumulativeReward.mean": {
            "value": 29.743722653856466,
            "min": 18.453614721492844,
            "max": 34.364905226464366,
            "count": 164
        },
        "MazeAgent.Environment.CumulativeReward.sum": {
            "value": 1516.9298553466797,
            "min": 904.2271213531494,
            "max": 1784.437162399292,
            "count": 164
        },
        "MazeAgent.Policy.ExtrinsicReward.mean": {
            "value": 29.743722653856466,
            "min": 18.453614721492844,
            "max": 34.364905226464366,
            "count": 164
        },
        "MazeAgent.Policy.ExtrinsicReward.sum": {
            "value": 1516.9298553466797,
            "min": 904.2271213531494,
            "max": 1784.437162399292,
            "count": 164
        },
        "MazeAgent.Policy.CuriosityReward.mean": {
            "value": 0.2398651049417608,
            "min": 0.1249951864950932,
            "max": 0.30003703355789185,
            "count": 164
        },
        "MazeAgent.Policy.CuriosityReward.sum": {
            "value": 12.2331203520298,
            "min": 6.499749697744846,
            "max": 15.001851677894592,
            "count": 164
        },
        "MazeAgent.Losses.PolicyLoss.mean": {
            "value": 0.045152320484501414,
            "min": 0.03949554329058931,
            "max": 0.05988487577997148,
            "count": 164
        },
        "MazeAgent.Losses.PolicyLoss.sum": {
            "value": 0.13545696145350425,
            "min": 0.05045584377847494,
            "max": 0.1642168356338516,
            "count": 164
        },
        "MazeAgent.Losses.ValueLoss.mean": {
            "value": 0.8758017122745514,
            "min": 0.7180132288781423,
            "max": 1.1203887859980264,
            "count": 164
        },
        "MazeAgent.Losses.ValueLoss.sum": {
            "value": 2.627405136823654,
            "min": 0.7180132288781423,
            "max": 3.192029795298973,
            "count": 164
        },
        "MazeAgent.Policy.LearningRate.mean": {
            "value": 0.00025096567634477995,
            "min": 0.00025096567634477995,
            "max": 0.0002998380000539998,
            "count": 164
        },
        "MazeAgent.Policy.LearningRate.sum": {
            "value": 0.0007528970290343398,
            "min": 0.0002998380000539998,
            "max": 0.0008959083013638999,
            "count": 164
        },
        "MazeAgent.Policy.Epsilon.mean": {
            "value": 0.18365522,
            "min": 0.18365522,
            "max": 0.19994600000000007,
            "count": 164
        },
        "MazeAgent.Policy.Epsilon.sum": {
            "value": 0.55096566,
            "min": 0.19994600000000007,
            "max": 0.5986361,
            "count": 164
        },
        "MazeAgent.Policy.Beta.mean": {
            "value": 0.008367156478,
            "min": 0.008367156478,
            "max": 0.009994605399999997,
            "count": 164
        },
        "MazeAgent.Policy.Beta.sum": {
            "value": 0.025101469433999997,
            "min": 0.009994605399999997,
            "max": 0.029863746389999998,
            "count": 164
        },
        "MazeAgent.Losses.CuriosityForwardLoss.mean": {
            "value": 0.023188916681748297,
            "min": 0.013054052134975791,
            "max": 0.35449269881087636,
            "count": 164
        },
        "MazeAgent.Losses.CuriosityForwardLoss.sum": {
            "value": 0.06956675004524489,
            "min": 0.026108104269951582,
            "max": 0.35449269881087636,
            "count": 164
        },
        "MazeAgent.Losses.CuriosityInverseLoss.mean": {
            "value": 1.0835110375450716,
            "min": 1.0002149095137913,
            "max": 1.3877760928774636,
            "count": 164
        },
        "MazeAgent.Losses.CuriosityInverseLoss.sum": {
            "value": 3.250533112635215,
            "min": 1.3877760928774636,
            "max": 3.80734293135228,
            "count": 164
        },
        "MazeAgent.IsTraining.mean": {
            "value": 1.0,
            "min": 1.0,
            "max": 1.0,
            "count": 164
        },
        "MazeAgent.IsTraining.sum": {
            "value": 1.0,
            "min": 1.0,
            "max": 1.0,
            "count": 164
        }
    },
    "metadata": {
        "timer_format_version": "0.1.0",
        "start_time_seconds": "1779724933",
        "python_version": "3.10.12 (main, May  3 2026, 18:17:48) [GCC 16.1.1 20260430]",
        "command_line_arguments": "/home/alex/ALJV/ALJV - Proiect/venv/bin/mlagents-learn maze_trainer.yaml --run-id=maze_noTraps_idlePenalty",
        "mlagents_version": "1.1.0",
        "mlagents_envs_version": "1.1.0",
        "communication_protocol_version": "1.5.0",
        "pytorch_version": "2.11.0+cu130",
        "numpy_version": "1.23.5",
        "end_time_seconds": "1779727085"
    },
    "total": 2151.790200665,
    "count": 1,
    "self": 0.004530950000116718,
    "children": {
        "run_training.setup": {
            "total": 0.01218330100005005,
            "count": 1,
            "self": 0.01218330100005005
        },
        "TrainerController.start_learning": {
            "total": 2151.773486414,
            "count": 1,
            "self": 2.7102224321665744,
            "children": {
                "TrainerController._reset_env": {
                    "total": 52.61358672900019,
                    "count": 1,
                    "self": 52.61358672900019
                },
                "TrainerController.advance": {
                    "total": 2095.1879165668333,
                    "count": 190695,
                    "self": 2.564916207847091,
                    "children": {
                        "env_step": {
                            "total": 1524.4599411150182,
                            "count": 190695,
                            "self": 1215.2971607589777,