{
    "name": "root",
    "gauges": {
        "MazeAgent.Policy.Entropy.mean": {
            "value": 0.11511577665805817,
            "min": 0.09147236496210098,
            "max": 0.4580044746398926,
            "count": 22
        },
        "MazeAgent.Policy.Entropy.sum": {
            "value": 571.2044677734375,
            "min": 457.17889404296875,
            "max": 2235.061767578125,
            "count": 22
        },
        "MazeAgent.Environment.EpisodeLength.mean": {
            "value": 17.065217391304348,
            "min": 17.065217391304348,
            "max": 37.627906976744185,
            "count": 22
        },
        "MazeAgent.Environment.EpisodeLength.sum": {
            "value": 4710.0,
            "min": 4351.0,
            "max": 4878.0,
            "count": 22
        },
        "MazeAgent.Step.mean": {
            "value": 159986.0,
            "min": 54976.0,
            "max": 159986.0,
            "count": 22
        },
        "MazeAgent.Step.sum": {
            "value": 159986.0,
            "min": 54976.0,
            "max": 159986.0,
            "count": 22
        },
        "MazeAgent.Policy.ExtrinsicValueEstimate.mean": {
            "value": 13.851070404052734,
            "min": -9.871703147888184,
            "max": 13.851070404052734,
            "count": 22
        },
        "MazeAgent.Policy.ExtrinsicValueEstimate.sum": {
            "value": 3822.8955078125,
            "min": -1715.29150390625,
            "max": 3822.8955078125,
            "count": 22
        },
        "MazeAgent.Environment.CumulativeReward.mean": {
            "value": 10.87841584544251,
            "min": -5.673669205617535,
            "max": 11.889434937592391,
            "count": 22
        },
        "MazeAgent.Environment.CumulativeReward.sum": {
            "value": 3002.4427733421326,
            "min": -731.903327524662,
            "max": 3245.815737962723,
            "count": 22
        },
        "MazeAgent.Policy.ExtrinsicReward.mean": {
            "value": 10.87841584544251,
            "min": -5.673669205617535,
            "max": 11.889434937592391,
            "count": 22
        },
        "MazeAgent.Policy.ExtrinsicReward.sum": {
            "value": 3002.4427733421326,
            "min": -731.903327524662,
            "max": 3245.815737962723,
            "count": 22
        },
        "MazeAgent.Losses.PolicyLoss.mean": {
            "value": 0.3474720896386619,
            "min": 0.24535806481920494,
            "max": 0.41525590281283564,
            "count": 22
        },
        "MazeAgent.Losses.PolicyLoss.sum": {
            "value": 0.6949441792773238,
            "min": 0.24535806481920494,
            "max": 0.8305118056256713,
            "count": 22
        },
        "MazeAgent.Losses.ValueLoss.mean": {
            "value": 6.172208505372207,
            "min": 6.172208505372207,
            "max": 105.89975372950236,
            "count": 22
        },
        "MazeAgent.Losses.ValueLoss.sum": {
            "value": 12.344417010744413,
            "min": 12.344417010744413,
            "max": 149.38881572087607,
            "count": 22
        },
        "MazeAgent.Policy.LearningRate.mean": {
            "value": 0.00029058255313915,
            "min": 0.00029058255313915,
            "max": 0.00029680806106397996,
            "count": 22
        },
        "MazeAgent.Policy.LearningRate.sum": {
            "value": 0.0005811651062783,
            "min": 0.00029474064175312,
            "max": 0.00059310036229988,
            "count": 22
        },
        "MazeAgent.Policy.Epsilon.mean": {
            "value": 0.19686085000000003,
            "min": 0.19686085000000003,
            "max": 0.19893602000000002,
            "count": 22
        },
        "MazeAgent.Policy.Epsilon.sum": {
            "value": 0.39372170000000006,
            "min": 0.19824688000000001,
            "max": 0.3977001200000001,
            "count": 22
        },
        "MazeAgent.Policy.Beta.mean": {
            "value": 0.009686398915,
            "min": 0.009686398915,
            "max": 0.009893708398,
            "count": 22
        },
        "MazeAgent.Policy.Beta.sum": {
            "value": 0.01937279783,
            "min": 0.009824863312,
            "max": 0.019770241988000002,
            "count": 22
        },
        "MazeAgent.IsTraining.mean": {
            "value": 1.0,
            "min": 1.0,
            "max": 1.0,
            "count": 22
        },
        "MazeAgent.IsTraining.sum": {
            "value": 1.0,
            "min": 1.0,
            "max": 1.0,
            "count": 22
        }
    },
    "metadata": {
        "timer_format_version": "0.1.0",
        "start_time_seconds": "1779802058",
        "python_version": "3.10.12 (main, May  3 2026, 18:17:48) [GCC 16.1.1 20260430]",
        "command_line_arguments": "/home/alex/ALJV/ALJV - Proiect/venv/bin/mlagents-learn maze_trainer.yaml --run-id=random_maze_completed_teleporter --resume",
        "mlagents_version": "1.1.0",
        "mlagents_envs_version": "1.1.0",
        "communication_protocol_version": "1.5.0",
        "pytorch_version": "2.11.0+cu130",
        "numpy_version": "1.23.5",
        "end_time_seconds": "1779802764"
    },
    "total": 706.0073251569993,
    "count": 1,
    "self": 0.0037849719992664177,
    "children": {
        "run_training.setup": {
            "total": 0.012723574000119697,
            "count": 1,
            "self": 0.012723574000119697
        },
        "TrainerController.start_learning": {
            "total": 705.9908166109999,
            "count": 1,
            "self": 0.9208350520493696,
            "children": {
                "TrainerController._reset_env": {
                    "total": 9.334385119000217,
                    "count": 1,
                    "self": 9.334385119000217
                },
                "TrainerController.advance": {
                    "total": 693.4998637239514,
                    "count": 52160,
                    "self": 0.7771245740386803,
                    "children": {
                        "env_step": {
                            "total": 652.1108690157016,
                            "count": 52160,
                            "self": 521.8301690205935,
                            "children": {
                                "SubprocessEnvManager._take_step": {
                                    "total": 129.7242469759949,
                                    "count": 52160,
                                    "self": 2.464627707024192,
                                    "children": {
                                        "TorchPolicy.evaluate": {
                                            "total": 127.25961926897071,
                                            "count": 52160,
                                            "self": 127.25961926897071
                                        }
                                    }
                                },
                                "workers": {
                                    "total": 0.556453019113178,
                                    "count": 52159,
                                    "self": 0.0,
                                    "children": {
                                        "worker_root": {
                                            "total": 702.6236128922501,
                                            "count": 52159,
                                            "is_parallel": true,
                                            "self": 219.38770844519058,
                                            "children": {
                                                "run_training.setup": {
                                                    "total": 0.0,
                                                    "count": 0,
                                                    "is_parallel": true,
                                                    "self": 0.0,