{
    "name": "root",
    "gauges": {
        "MazeAgent.Policy.Entropy.mean": {
            "value": 0.49292755126953125,
            "min": 0.46374568343162537,
            "max": 0.6299883723258972,
            "count": 12
        },
        "MazeAgent.Policy.Entropy.sum": {
            "value": 4946.52783203125,
            "min": 4636.9931640625,
            "max": 6531.7197265625,
            "count": 12
        },
        "MazeAgent.Step.mean": {
            "value": 119916.0,
            "min": 9978.0,
            "max": 119916.0,
            "count": 12
        },
        "MazeAgent.Step.sum": {
            "value": 119916.0,
            "min": 9978.0,
            "max": 119916.0,
            "count": 12
        },
        "MazeAgent.Policy.ExtrinsicValueEstimate.mean": {
            "value": -80.48051452636719,
            "min": -80.48051452636719,
            "max": -2.990973472595215,
            "count": 12
        },
        "MazeAgent.Policy.ExtrinsicValueEstimate.sum": {
            "value": -6599.40234375,
            "min": -6599.40234375,
            "max": -236.2869110107422,
            "count": 12
        },
        "MazeAgent.Policy.CuriosityValueEstimate.mean": {
            "value": 0.27239516377449036,
            "min": 0.27239516377449036,
            "max": 0.35744303464889526,
            "count": 12
        },
        "MazeAgent.Policy.CuriosityValueEstimate.sum": {
            "value": 22.336402893066406,
            "min": 22.336402893066406,
            "max": 28.595443725585938,
            "count": 12
        },
        "MazeAgent.Environment.EpisodeLength.mean": {
            "value": 1476.375,
            "min": 700.0,
            "max": 1999.0,
            "count": 12
        },
        "MazeAgent.Environment.EpisodeLength.sum": {
            "value": 11811.0,
            "min": 1400.0,
            "max": 15756.0,
            "count": 12
        },
        "MazeAgent.Environment.CumulativeReward.mean": {
            "value": -426311.16455078125,
            "min": -755062.5780029297,
            "max": -92275.52526855469,
            "count": 12
        },
        "MazeAgent.Environment.CumulativeReward.sum": {
            "value": -3410489.31640625,
            "min": -5577529.988037109,
            "max": -184551.05053710938,
            "count": 12
        },
        "MazeAgent.Policy.ExtrinsicReward.mean": {
            "value": -426311.16455078125,
            "min": -755062.5780029297,
            "max": -92275.52526855469,
            "count": 12
        },
        "MazeAgent.Policy.ExtrinsicReward.sum": {
            "value": -3410489.31640625,
            "min": -5577529.988037109,
            "max": -184551.05053710938,
            "count": 12
        },
        "MazeAgent.Policy.CuriosityReward.mean": {
            "value": 2.821004068478942,
            "min": 0.0,
            "max": 6.762657168507576,
            "count": 12
        },
        "MazeAgent.Policy.CuriosityReward.sum": {
            "value": 22.568032547831535,
            "min": 0.0,
            "max": 36.18447282910347,
            "count": 12
        },
        "MazeAgent.Losses.PolicyLoss.mean": {
            "value": 0.249002462613862,
            "min": 0.19178506528842262,
            "max": 0.27279453957598887,
            "count": 12
        },
        "MazeAgent.Losses.PolicyLoss.sum": {
            "value": 0.249002462613862,
            "min": 0.19178506528842262,
            "max": 0.4749364610819612,
            "count": 12
        },
        "MazeAgent.Losses.ValueLoss.mean": {
            "value": 16294342.9125,
            "min": 4055313.2921875,
            "max": 25082407.975,
            "count": 12
        },
        "MazeAgent.Losses.ValueLoss.sum": {
            "value": 16294342.9125,
            "min": 4055313.2921875,
            "max": 44757670.46875,
            "count": 12
        },
        "MazeAgent.Policy.LearningRate.mean": {
            "value": 0.00049431255113749,
            "min": 0.00049431255113749,
            "max": 0.0004995907000818601,
            "count": 12
        },
        "MazeAgent.Policy.LearningRate.sum": {
            "value": 0.00049431255113749,
            "min": 0.00049431255113749,
            "max": 0.00099550010089998,
            "count": 12
        },
        "MazeAgent.Policy.Epsilon.mean": {
            "value": 0.19886251000000005,
            "min": 0.19886251000000005,
            "max": 0.19991814000000005,
            "count": 12
        },
        "MazeAgent.Policy.Epsilon.sum": {
            "value": 0.19886251000000005,
            "min": 0.19886251000000005,
            "max": 0.39910002000000006,
            "count": 12
        },
        "MazeAgent.Policy.Beta.mean": {
            "value": 0.0049432392490000015,
            "min": 0.0049432392490000015,
            "max": 0.004995915185999999,
            "count": 12
        },
        "MazeAgent.Policy.Beta.sum": {
            "value": 0.0049432392490000015,
            "min": 0.0049432392490000015,
            "max": 0.009955090998000002,
            "count": 12
        },
        "MazeAgent.Losses.CuriosityForwardLoss.mean": {
            "value": 0.03991729840636253,
            "min": 0.039782640035264195,
            "max": 0.2842748273164034,
            "count": 12
        },
        "MazeAgent.Losses.CuriosityForwardLoss.sum": {
            "value": 0.03991729840636253,
            "min": 0.039782640035264195,
            "max": 0.2842748273164034,
            "count": 12
        },
        "MazeAgent.Losses.CuriosityInverseLoss.mean": {
            "value": 0.5522711198776961,
            "min": 0.5225536584854126,
            "max": 0.7472817339003086,
            "count": 12
        },
        "MazeAgent.Losses.CuriosityInverseLoss.sum": {
            "value": 0.5522711198776961,
            "min": 0.5251335106790066,
            "max": 1.2551362674683333,
            "count": 12
        },
        "MazeAgent.IsTraining.mean": {
            "value": 1.0,
            "min": 1.0,
            "max": 1.0,
            "count": 12
        },
        "MazeAgent.IsTraining.sum": {
            "value": 1.0,
            "min": 1.0,
            "max": 1.0,
            "count": 12
        }
    },
    "metadata": {
        "timer_format_version": "0.1.0",
        "start_time_seconds": "1779749246",
        "python_version": "3.10.12 (main, May  3 2026, 18:17:48) [GCC 16.1.1 20260430]",
        "command_line_arguments": "/home/alex/ALJV/ALJV - Proiect/venv/bin/mlagents-learn maze_trainer.yaml --run-id=static_noTraps_burst_observations_step_penalty",
        "mlagents_version": "1.1.0",
        "mlagents_envs_version": "1.1.0",
        "communication_protocol_version": "1.5.0",
        "pytorch_version": "2.11.0+cu130",
        "numpy_version": "1.23.5",
        "end_time_seconds": "1779749578"
    },
    "total": 331.6888085540013,
    "count": 1,
    "self": 0.0044555240019690245,
    "children": {
        "run_training.setup": {
            "total": 0.013574415999755729,
            "count": 1,
            "self": 0.013574415999755729
        },
        "TrainerController.start_learning": {
            "total": 331.6707786139996,
            "count": 1,
            "self": 0.19063238212038414,
            "children": {
                "TrainerController._reset_env": {
                    "total": 8.367117656998744,
                    "count": 1,
                    "self": 8.367117656998744
                },
                "TrainerController.advance": {
                    "total": 320.70523353887984,
                    "count": 13997,
                    "self": 0.1814373120178061,
                    "children": {
                        "env_step": {
                            "total": 287.3839532761376,
                            "count": 13997,
                            "self": 261.50614857915934,